timestamp,project_name,run_id,experiment_id,duration,emissions,emissions_rate,cpu_power,gpu_power,ram_power,cpu_energy,gpu_energy,ram_energy,energy_consumed,country_name,country_iso_code,region,cloud_provider,cloud_region,os,python_version,codecarbon_version,cpu_count,cpu_model,gpu_count,gpu_model,longitude,latitude,ram_total_size,tracking_mode,on_cloud,pue
2025-10-27T23:22:37,codecarbon,711b94b2-5331-4e6f-a867-dfcb4b45756b,5b0fa12a-3dd7-45bb-9766-cc326314d9f1,0.0116090999217703,3.489378122499069e-08,3.0057266678836004e-06,270.0,0.0,20.0,3.968400007579476e-07,0.0,1.4881111241670122e-08,4.117211119996177e-07,United States,USA,washington,,,Windows-11-10.0.26200-SP0,3.12.2,3.0.7,12,Intel(R) Core(TM) i7-9750H CPU @ 2.60GHz,,,-122.3235,47.1037,63.73372268676758,machine,N,1.0
2025-10-27T23:23:34,codecarbon,d32a9745-985c-4135-9781-5e53f482dead,5b0fa12a-3dd7-45bb-9766-cc326314d9f1,0.0035796000156551,1.2956005325182306e-08,3.6194002873281976e-06,270.0,0.0,20.0,1.483125030063093e-07,0.0,4.558889324673348e-09,1.5287139233098266e-07,United States,USA,washington,,,Windows-11-10.0.26200-SP0,3.12.2,3.0.7,12,Intel(R) Core(TM) i7-9750H CPU @ 2.60GHz,,,-122.3235,47.1037,63.73372268676758,machine,N,1.0
2025-10-27T23:24:24,codecarbon,330307e5-3d2a-4021-aad6-e25c2cb9b94e,5b0fa12a-3dd7-45bb-9766-cc326314d9f1,0.0037926000077277,1.4285654367698731e-08,3.7667179081871295e-06,270.0,0.0,20.0,1.6185750137083238e-07,0.0,6.702777722643481e-09,1.6856027909347588e-07,United States,USA,washington,,,Windows-11-10.0.26200-SP0,3.12.2,3.0.7,12,Intel(R) Core(TM) i7-9750H CPU @ 2.60GHz,,,-122.3235,47.1037,63.73372268676758,machine,N,1.0
2025-10-27T23:33:43,codecarbon,ac77ac29-a2e9-48f9-a50e-d10b773e125a,5b0fa12a-3dd7-45bb-9766-cc326314d9f1,0.0086996000027284,4.1328901477988e-08,4.750666865720982e-06,270.0,0.0,20.0,4.739474941743538e-07,0.0,1.3703332903484504e-08,4.876508270778383e-07,United States,USA,washington,,,Windows-11-10.0.26200-SP0,3.12.2,3.0.7,12,Intel(R) Core(TM) i7-9750H CPU @ 2.60GHz,,,-122.3235,47.1037,63.73372268676758,machine,N,1.0
2025-10-27T23:34:24,codecarbon,647b444e-5953-446d-8fa9-bdc8e0b8d56e,5b0fa12a-3dd7-45bb-9766-cc326314d9f1,0.0028650000458583,9.621406335230805e-09,3.358256956798174e-06,270.0,0.0,20.0,1.0860000620596113e-07,0.0,4.925555549561977e-09,1.135255617555231e-07,United States,USA,washington,,,Windows-11-10.0.26200-SP0,3.12.2,3.0.7,12,Intel(R) Core(TM) i7-9750H CPU @ 2.60GHz,,,-122.3235,47.1037,63.73372268676758,machine,N,1.0
2025-10-27T23:35:44,codecarbon,448dddb2-6234-4c7f-86aa-24bbd113845c,5b0fa12a-3dd7-45bb-9766-cc326314d9f1,0.001510800095275,9.896329296639477e-09,6.550389642938053e-06,270.0,0.0,20.0,1.0989000729750842e-07,0.0,6.8794444410337345e-09,1.1676945173854217e-07,United States,USA,washington,,,Windows-11-10.0.26200-SP0,3.12.2,3.0.7,12,Intel(R) Core(TM) i7-9750H CPU @ 2.60GHz,,,-122.3235,47.1037,63.73372268676758,machine,N,1.0
2025-10-27T23:36:03,codecarbon,3de5295b-77a6-48a5-9ff9-b6c0a3ec1ab2,5b0fa12a-3dd7-45bb-9766-cc326314d9f1,0.0009482000023126,6.214556529328716e-09,6.55405664856719e-06,270.0,0.0,20.0,6.906000198796393e-08,0.0,4.267222377368146e-09,7.332722436533207e-08,United States,USA,washington,,,Windows-11-10.0.26200-SP0,3.12.2,3.0.7,12,Intel(R) Core(TM) i7-9750H CPU @ 2.60GHz,,,-122.3235,47.1037,63.73372268676758,machine,N,1.0
2025-10-27T23:39:22,codecarbon,56763a17-5144-4527-bb6b-4c6d04f296b2,5b0fa12a-3dd7-45bb-9766-cc326314d9f1,0.0009479000000283,6.187906950902327e-09,6.5280166164337005e-06,270.0,0.0,20.0,6.891000084578991e-08,0.0,4.102777974266145e-09,7.301277882005608e-08,United States,USA,washington,,,Windows-11-10.0.26200-SP0,3.12.2,3.0.7,12,Intel(R) Core(TM) i7-9750H CPU @ 2.60GHz,,,-122.3235,47.1037,63.73372268676758,machine,N,1.0
2025-10-27T23:45:50,codecarbon,aee8cea5-f216-4e5e-904c-c0250c2f87d1,5b0fa12a-3dd7-45bb-9766-cc326314d9f1,0.001700000022538,1.1054498470865552e-08,6.502646073122867e-06,270.0,0.0,20.0,1.2286500132177025e-07,0.0,7.570000080805685e-09,1.3043500140257593e-07,United States,USA,washington,,,Windows-11-10.0.26200-SP0,3.12.2,3.0.7,12,Intel(R) Core(TM) i7-9750H CPU @ 2.60GHz,,,-122.3235,47.1037,63.73372268676758,machine,N,1.0
2025-10-27T23:47:34,codecarbon,70a10c8b-e0e4-4f1d-ba2d-d34116cf8fe0,5b0fa12a-3dd7-45bb-9766-cc326314d9f1,0.0009973000269383,6.4986135620478005e-09,6.516207145805808e-06,270.0,0.0,20.0,7.234500080812723e-08,0.0,4.3338889049159165e-09,7.667888971304315e-08,United States,USA,washington,,,Windows-11-10.0.26200-SP0,3.12.2,3.0.7,12,Intel(R) Core(TM) i7-9750H CPU @ 2.60GHz,,,-122.3235,47.1037,63.73372268676758,machine,N,1.0
2025-10-27T23:50:26,codecarbon,f02c329c-8408-4ba6-8cd0-17b18195c3cd,5b0fa12a-3dd7-45bb-9766-cc326314d9f1,0.0015765000134706,1.0315587176608117e-08,6.543347344411657e-06,270.0,0.0,20.0,1.1457749933470041e-07,0.0,7.138888920760817e-09,1.2171638825546125e-07,United States,USA,washington,,,Windows-11-10.0.26200-SP0,3.12.2,3.0.7,12,Intel(R) Core(TM) i7-9750H CPU @ 2.60GHz,,,-122.3235,47.1037,63.73372268676758,machine,N,1.0
2025-10-27T23:50:42,codecarbon,629720a5-f4f5-476a-897f-c93b554bda0f,5b0fa12a-3dd7-45bb-9766-cc326314d9f1,0.0027490999782457,1.7865678252860457e-08,6.498737184618719e-06,270.0,0.0,20.0,1.983374997507781e-07,0.0,1.2464444282361205e-08,2.108019440331393e-07,United States,USA,washington,,,Windows-11-10.0.26200-SP0,3.12.2,3.0.7,12,Intel(R) Core(TM) i7-9750H CPU @ 2.60GHz,,,-122.3235,47.1037,63.73372268676758,machine,N,1.0
2025-10-27T23:52:56,codecarbon,87cd0083-163f-4a1d-a778-5133ee3d5fcc,5b0fa12a-3dd7-45bb-9766-cc326314d9f1,0.0009890999644994,6.483876135573596e-09,6.555329459398688e-06,270.0,0.0,20.0,7.205999863799664e-08,0.0,4.4450002153300576e-09,7.650499885332668e-08,United States,USA,washington,,,Windows-11-10.0.26200-SP0,3.12.2,3.0.7,12,Intel(R) Core(TM) i7-9750H CPU @ 2.60GHz,,,-122.3235,47.1037,63.73372268676758,machine,N,1.0
2025-10-27T23:53:16,codecarbon,c250dc34-850f-45b2-a08b-a6ae971ab768,5b0fa12a-3dd7-45bb-9766-cc326314d9f1,0.0010011999402195,6.515422586094665e-09,6.507613838516714e-06,270.0,0.0,20.0,7.249500195030125e-08,0.0,4.382221959531307e-09,7.687722390983256e-08,United States,USA,washington,,,Windows-11-10.0.26200-SP0,3.12.2,3.0.7,12,Intel(R) Core(TM) i7-9750H CPU @ 2.60GHz,,,-122.3235,47.1037,63.73372268676758,machine,N,1.0
2025-10-27T23:59:37,codecarbon,70bddf1f-bb6f-426c-a092-fe4f0804172a,5b0fa12a-3dd7-45bb-9766-cc326314d9f1,0.0010468999389559,6.700603369505589e-09,6.400423880230857e-06,270.0,0.0,20.0,7.453500002156944e-08,0.0,4.527221770129271e-09,7.906222179169871e-08,United States,USA,washington,,,Windows-11-10.0.26200-SP0,3.12.2,3.0.7,12,Intel(R) Core(TM) i7-9750H CPU @ 2.60GHz,,,-122.3235,47.1037,63.73372268676758,machine,N,1.0
2025-10-28T00:00:20,codecarbon,e8ea4b92-e044-45a6-9c0f-063420a76189,5b0fa12a-3dd7-45bb-9766-cc326314d9f1,0.0008969000773504,5.858061275459786e-09,6.531453640594257e-06,270.0,0.0,20.0,6.515250715892764e-08,0.0,3.968333799598946e-09,6.912084095852657e-08,United States,USA,washington,,,Windows-11-10.0.26200-SP0,3.12.2,3.0.7,12,Intel(R) Core(TM) i7-9750H CPU @ 2.60GHz,,,-122.3235,47.1037,63.73372268676758,machine,N,1.0
2025-10-28T00:02:06,codecarbon,29402081-80e4-416d-9aaa-498d5d344df7,5b0fa12a-3dd7-45bb-9766-cc326314d9f1,0.0009564999490976,6.270374118262604e-09,6.555540462054499e-06,270.0,0.0,20.0,6.96974981110543e-08,0.0,4.288333002477884e-09,7.39858311135322e-08,United States,USA,washington,,,Windows-11-10.0.26200-SP0,3.12.2,3.0.7,12,Intel(R) Core(TM) i7-9750H CPU @ 2.60GHz,,,-122.3235,47.1037,63.73372268676758,machine,N,1.0
2025-10-28T00:02:36,codecarbon,c769a09a-00a8-43af-afa8-3f669d6157c8,5b0fa12a-3dd7-45bb-9766-cc326314d9f1,0.0009570999536663,6.257473196965728e-09,6.537951624587844e-06,270.0,0.0,20.0,6.97724986821413e-08,0.0,4.061110990328922e-09,7.383360967247025e-08,United States,USA,washington,,,Windows-11-10.0.26200-SP0,3.12.2,3.0.7,12,Intel(R) Core(TM) i7-9750H CPU @ 2.60GHz,,,-122.3235,47.1037,63.73372268676758,machine,N,1.0
2025-10-28T23:10:43,codecarbon,2711240d-5321-4e7d-ad5c-16b1e613acfb,5b0fa12a-3dd7-45bb-9766-cc326314d9f1,0.0009395000524818,6.148121441003036e-09,6.544035228908676e-06,270.0,0.0,20.0,6.834000523667782e-08,0.0,4.203333648749524e-09,7.254333888542736e-08,United States,USA,washington,,,Windows-11-10.0.26200-SP0,3.12.2,3.0.7,12,Intel(R) Core(TM) i7-9750H CPU @ 2.60GHz,,,-122.3235,47.1037,63.73372268676758,machine,N,1.0
2025-10-28T23:13:15,codecarbon,086e815c-5dc6-4ece-9b0f-6f1f4e3f9225,5b0fa12a-3dd7-45bb-9766-cc326314d9f1,0.0008825999684631,5.7681303493474845e-09,6.5353847217909815e-06,270.0,0.0,20.0,6.417749973479658e-08,0.0,3.8822220327953514e-09,6.805972176759193e-08,United States,USA,washington,,,Windows-11-10.0.26200-SP0,3.12.2,3.0.7,12,Intel(R) Core(TM) i7-9750H CPU @ 2.60GHz,,,-122.3235,47.1037,63.73372268676758,machine,N,1.0
2025-10-28T23:14:30,codecarbon,27fe8cd6-db61-4661-a21f-0a9982fbb227,5b0fa12a-3dd7-45bb-9766-cc326314d9f1,0.0009260999504476,6.073022055061089e-09,6.557631335716386e-06,270.0,0.0,20.0,6.751499895472081e-08,0.0,4.1422220723082625e-09,7.165722102702907e-08,United States,USA,washington,,,Windows-11-10.0.26200-SP0,3.12.2,3.0.7,12,Intel(R) Core(TM) i7-9750H CPU @ 2.60GHz,,,-122.3235,47.1037,63.73372268676758,machine,N,1.0
2025-10-28T23:56:44,codecarbon,90f8301c-5bf8-494c-9a74-f8c05dc3f2f7,5b0fa12a-3dd7-45bb-9766-cc326314d9f1,0.0009477999992668,6.175641557415586e-09,6.51576446739031e-06,270.0,0.0,20.0,6.891750090289863e-08,0.0,3.9505552397006085e-09,7.286805614259922e-08,United States,USA,washington,,,Windows-11-10.0.26200-SP0,3.12.2,3.0.7,12,Intel(R) Core(TM) i7-9750H CPU @ 2.60GHz,,,-122.3235,47.1037,63.73372268676758,machine,N,1.0
2025-10-28T23:57:31,codecarbon,124b8866-e340-4b09-a997-8aa50f6d0e63,5b0fa12a-3dd7-45bb-9766-cc326314d9f1,1.265581899904646,8.639999016361001e-06,6.8268983753733945e-06,270.0,0.0,20.0,9.49159649986541e-05,0.0,7.029707777676069e-06,0.0001019456727763,United States,USA,washington,,,Windows-11-10.0.26200-SP0,3.12.2,3.0.7,12,Intel(R) Core(TM) i7-9750H CPU @ 2.60GHz,,,-122.3235,47.1037,63.73372268676758,machine,N,1.0
2025-11-02T15:47:40,codecarbon,e818af51-b943-4183-a3e7-39ac067c0d87,5b0fa12a-3dd7-45bb-9766-cc326314d9f1,0.0012143999920226,7.872945274325761e-09,6.4829918692710536e-06,270.0,0.0,20.0,8.762999932514505e-08,0.0,5.264999991696742e-09,9.28949993168418e-08,United States,USA,washington,,,Windows-11-10.0.26200-SP0,3.12.2,3.0.7,12,Intel(R) Core(TM) i7-9750H CPU @ 2.60GHz,,,-122.3235,47.1037,63.73372268676758,machine,N,1.0
2025-11-02T15:48:24,codecarbon,c6ed334b-49b7-40e6-bc7d-e96bf7522e55,5b0fa12a-3dd7-45bb-9766-cc326314d9f1,1.1804725999827497,8.058952641091313e-06,6.826886656419708e-06,270.0,0.0,20.0,8.853279750037474e-05,0.0,6.556952777706707e-06,9.508975027808144e-05,United States,USA,washington,,,Windows-11-10.0.26200-SP0,3.12.2,3.0.7,12,Intel(R) Core(TM) i7-9750H CPU @ 2.60GHz,,,-122.3235,47.1037,63.73372268676758,machine,N,1.0
2025-11-02T15:51:32,codecarbon,02228f34-cf3e-4cb9-bc72-36f7042bd39b,5b0fa12a-3dd7-45bb-9766-cc326314d9f1,0.0020553999929688,1.3611177409827551e-08,6.6221550337592055e-06,270.0,0.0,20.0,1.5129749954212458e-07,0.0,9.3044444737542e-09,1.606019440158788e-07,United States,USA,washington,,,Windows-11-10.0.26200-SP0,3.12.2,3.0.7,12,Intel(R) Core(TM) i7-9750H CPU @ 2.60GHz,,,-122.3235,47.1037,63.73372268676758,machine,N,1.0
2025-11-02T15:51:41,codecarbon,c6a1f048-a495-416b-b9dd-82cce7609342,5b0fa12a-3dd7-45bb-9766-cc326314d9f1,0.2806191999698058,1.9154485053793606e-06,6.825792766800918e-06,270.0,0.0,20.0,2.1043574997747785e-05,0.0,1.5573172222098542e-06,2.260089221995764e-05,United States,USA,washington,,,Windows-11-10.0.26200-SP0,3.12.2,3.0.7,12,Intel(R) Core(TM) i7-9750H CPU @ 2.60GHz,,,-122.3235,47.1037,63.73372268676758,machine,N,1.0
2025-11-02T15:52:24,codecarbon,1a489e32-2da9-4373-9e0a-43188ecd9f5c,5b0fa12a-3dd7-45bb-9766-cc326314d9f1,0.0008211999665945,5.346329234474491e-09,6.510386570819179e-06,270.0,0.0,20.0,5.953499930910769e-08,0.0,3.547777628733052e-09,6.308277693784072e-08,United States,USA,washington,,,Windows-11-10.0.26200-SP0,3.12.2,3.0.7,12,Intel(R) Core(TM) i7-9750H CPU @ 2.60GHz,,,-122.3235,47.1037,63.73372268676758,machine,N,1.0
2025-11-02T15:52:38,codecarbon,16126f68-4f5a-4529-bca7-52d3b9497a7e,5b0fa12a-3dd7-45bb-9766-cc326314d9f1,0.2574736999813467,1.757457291813388e-06,6.825774018630684e-06,270.0,0.0,20.0,1.9307662498613355e-05,0.0,1.4290488887733471e-06,2.07367113873867e-05,United States,USA,washington,,,Windows-11-10.0.26200-SP0,3.12.2,3.0.7,12,Intel(R) Core(TM) i7-9750H CPU @ 2.60GHz,,,-122.3235,47.1037,63.73372268676758,machine,N,1.0
2025-11-02T15:53:52,codecarbon,ce519b67-0d3f-45d2-b3b0-36b85590ba32,5b0fa12a-3dd7-45bb-9766-cc326314d9f1,0.0011543000000528,7.645082792344197e-09,6.623133320621882e-06,270.0,0.0,20.0,8.481749973725527e-08,0.0,5.388888853809072e-09,9.020638859106437e-08,United States,USA,washington,,,Windows-11-10.0.26200-SP0,3.12.2,3.0.7,12,Intel(R) Core(TM) i7-9750H CPU @ 2.60GHz,,,-122.3235,47.1037,63.73372268676758,machine,N,1.0
2025-11-02T15:54:00,codecarbon,23df1bb5-0c91-4b4e-8e67-7f66ad0c5e85,5b0fa12a-3dd7-45bb-9766-cc326314d9f1,0.1608211999991908,1.097703286475403e-06,6.825613081365675e-06,270.0,0.0,20.0,1.2059707498701756e-05,0.0,8.923888888805071e-07,1.2952096387582265e-05,United States,USA,washington,,,Windows-11-10.0.26200-SP0,3.12.2,3.0.7,12,Intel(R) Core(TM) i7-9750H CPU @ 2.60GHz,,,-122.3235,47.1037,63.73372268676758,machine,N,1.0
2025-11-02T15:54:17,codecarbon,438a0070-6c4e-4231-8cc4-4affd791a2d9,5b0fa12a-3dd7-45bb-9766-cc326314d9f1,0.0008321000495925,5.403300867256453e-09,6.493571139554948e-06,270.0,0.0,20.0,6.027000054018573e-08,0.0,3.485000019686089e-09,6.37550005598718e-08,United States,USA,washington,,,Windows-11-10.0.26200-SP0,3.12.2,3.0.7,12,Intel(R) Core(TM) i7-9750H CPU @ 2.60GHz,,,-122.3235,47.1037,63.73372268676758,machine,N,1.0
2025-11-02T15:54:30,codecarbon,07f2816c-a0b1-40a1-9cbc-dfbc3b3c0993,5b0fa12a-3dd7-45bb-9766-cc326314d9f1,0.1618558999616652,1.1045596669498814e-06,6.8243398431042094e-06,270.0,0.0,20.0,1.2135404998844025e-05,0.0,8.975916664995667e-07,1.3032996665343592e-05,United States,USA,washington,,,Windows-11-10.0.26200-SP0,3.12.2,3.0.7,12,Intel(R) Core(TM) i7-9750H CPU @ 2.60GHz,,,-122.3235,47.1037,63.73372268676758,machine,N,1.0
2025-11-02T15:59:48,codecarbon,1dcc4338-a38e-4c8f-b1b0-a4c7a9fc4c89,5b0fa12a-3dd7-45bb-9766-cc326314d9f1,0.0009380999836139,6.0066576479300406e-09,6.4030036806844206e-06,270.0,0.0,20.0,6.687750283163041e-08,0.0,3.996666701924469e-09,7.08741695335549e-08,United States,USA,washington,,,Windows-11-10.0.26200-SP0,3.12.2,3.0.7,12,Intel(R) Core(TM) i7-9750H CPU @ 2.60GHz,,,-122.3235,47.1037,63.73372268676758,machine,N,1.0
2025-11-02T16:00:05,codecarbon,810437ba-4d91-4de9-8d00-42e1e2f25823,5b0fa12a-3dd7-45bb-9766-cc326314d9f1,0.2053714000503532,1.4017882492293328e-06,6.825625422457267e-06,270.0,0.0,20.0,1.540045500296401e-05,0.0,1.1396216668395531e-06,1.6540076669803563e-05,United States,USA,washington,,,Windows-11-10.0.26200-SP0,3.12.2,3.0.7,12,Intel(R) Core(TM) i7-9750H CPU @ 2.60GHz,,,-122.3235,47.1037,63.73372268676758,machine,N,1.0
2025-11-02T16:00:19,codecarbon,9d2d5356-cc86-49f2-b114-65f6f91f64c8,5b0fa12a-3dd7-45bb-9766-cc326314d9f1,0.0012046999763697,7.815502881218011e-09,6.487509782119666e-06,270.0,0.0,20.0,8.69849987793714e-08,0.0,5.2322222877086866e-09,9.221722106708009e-08,United States,USA,washington,,,Windows-11-10.0.26200-SP0,3.12.2,3.0.7,12,Intel(R) Core(TM) i7-9750H CPU @ 2.60GHz,,,-122.3235,47.1037,63.73372268676758,machine,N,1.0
2025-11-02T16:00:32,codecarbon,8e590fcf-feab-448a-8013-6e0536b302b0,5b0fa12a-3dd7-45bb-9766-cc326314d9f1,0.1716721000266261,1.1717369218787047e-06,6.825435942689404e-06,270.0,0.0,20.0,1.287308250175556e-05,0.0,9.52556666905164e-07,1.3825639168660725e-05,United States,USA,washington,,,Windows-11-10.0.26200-SP0,3.12.2,3.0.7,12,Intel(R) Core(TM) i7-9750H CPU @ 2.60GHz,,,-122.3235,47.1037,63.73372268676758,machine,N,1.0
2025-11-02T16:02:00,codecarbon,ae069751-5caf-4521-8448-015f08948d25,5b0fa12a-3dd7-45bb-9766-cc326314d9f1,0.0022501000203192,1.4875874435816034e-08,6.611205858175843e-06,270.0,0.0,20.0,1.650899997912348e-07,0.0,1.0434444670358465e-08,1.7552444446159322e-07,United States,USA,washington,,,Windows-11-10.0.26200-SP0,3.12.2,3.0.7,12,Intel(R) Core(TM) i7-9750H CPU @ 2.60GHz,,,-122.3235,47.1037,63.73372268676758,machine,N,1.0
2025-11-02T16:02:08,codecarbon,9f0a84e0-6b2e-4d90-b806-3b646e860159,5b0fa12a-3dd7-45bb-9766-cc326314d9f1,0.1653948999592103,1.1289587536588848e-06,6.825837761244806e-06,270.0,0.0,20.0,1.2403027497930453e-05,0.0,9.178605554754744e-07,1.3320888053405927e-05,United States,USA,washington,,,Windows-11-10.0.26200-SP0,3.12.2,3.0.7,12,Intel(R) Core(TM) i7-9750H CPU @ 2.60GHz,,,-122.3235,47.1037,63.73372268676758,machine,N,1.0
2025-11-02T16:02:59,codecarbon,f15aa573-e3da-4ac9-982e-18cf0ef8c7a8,5b0fa12a-3dd7-45bb-9766-cc326314d9f1,0.0012102000182494,8.020059123126973e-09,6.627052555104028e-06,270.0,0.0,20.0,8.909250173019247e-08,0.0,5.538333466069565e-09,9.463083519626205e-08,United States,USA,washington,,,Windows-11-10.0.26200-SP0,3.12.2,3.0.7,12,Intel(R) Core(TM) i7-9750H CPU @ 2.60GHz,,,-122.3235,47.1037,63.73372268676758,machine,N,1.0
2025-11-02T16:03:15,codecarbon,89e2c7fa-a808-484e-aef2-860d4acd30ad,5b0fa12a-3dd7-45bb-9766-cc326314d9f1,0.0019742000149562,1.2989175552135946e-08,6.579462796946386e-06,270.0,0.0,20.0,1.443599991034717e-07,0.0,8.90277765898241e-09,1.5326277676245408e-07,United States,USA,washington,,,Windows-11-10.0.26200-SP0,3.12.2,3.0.7,12,Intel(R) Core(TM) i7-9750H CPU @ 2.60GHz,,,-122.3235,47.1037,63.73372268676758,machine,N,1.0
2025-11-02T16:09:45,codecarbon,828ebfe0-81af-4db3-be19-db5673106556,5b0fa12a-3dd7-45bb-9766-cc326314d9f1,0.0008053000201471,5.238271665162803e-09,6.504745478841361e-06,270.0,0.0,20.0,5.833499890286477e-08,0.0,3.472777704397837e-09,6.180777660726259e-08,United States,USA,washington,,,Windows-11-10.0.26200-SP0,3.12.2,3.0.7,12,Intel(R) Core(TM) i7-9750H CPU @ 2.60GHz,,,-122.3235,47.1037,63.73372268676758,machine,N,1.0
2025-11-02T16:11:19,codecarbon,b92bcc50-9fe5-497b-a530-080f48586ff1,5b0fa12a-3dd7-45bb-9766-cc326314d9f1,0.0913459000294096,6.233705371830526e-07,6.824285895506559e-06,270.0,0.0,20.0,6.848910004191567e-06,0.0,5.064066667627129e-07,7.355316670954279e-06,United States,USA,washington,,,Windows-11-10.0.26200-SP0,3.12.2,3.0.7,12,Intel(R) Core(TM) i7-9750H CPU @ 2.60GHz,,,-122.3235,47.1037,63.73372268676758,machine,N,1.0
2025-11-02T16:14:49,codecarbon,49138514-a3e5-4ba5-8cef-9fb010d40268,5b0fa12a-3dd7-45bb-9766-cc326314d9f1,0.0026741999899968,1.7254129058560203e-08,6.452071319684854e-06,270.0,0.0,20.0,1.92014999629464e-07,0.0,1.15711109376409e-08,2.035861105671049e-07,United States,USA,washington,,,Windows-11-10.0.26200-SP0,3.12.2,3.0.7,12,Intel(R) Core(TM) i7-9750H CPU @ 2.60GHz,,,-122.3235,47.1037,63.73372268676758,machine,N,1.0
2025-11-02T16:19:06,codecarbon,a5c1f61d-b939-473b-8218-45e0b8603056,5b0fa12a-3dd7-45bb-9766-cc326314d9f1,0.0008893000194802,5.779595474946178e-09,6.499038961366273e-06,270.0,0.0,20.0,6.44250016193837e-08,0.0,3.770000249561336e-09,6.819500186894504e-08,United States,USA,washington,,,Windows-11-10.0.26200-SP0,3.12.2,3.0.7,12,Intel(R) Core(TM) i7-9750H CPU @ 2.60GHz,,,-122.3235,47.1037,63.73372268676758,machine,N,1.0
2025-11-02T16:20:25,codecarbon,307c6705-ba9f-4cfc-aa21-e581259f98b3,5b0fa12a-3dd7-45bb-9766-cc326314d9f1,0.0009005999891087,5.8925967539491454e-09,6.54296782723773e-06,270.0,0.0,20.0,6.55050011118874e-08,0.0,4.023333248268399e-09,6.95283343601558e-08,United States,USA,washington,,,Windows-11-10.0.26200-SP0,3.12.2,3.0.7,12,Intel(R) Core(TM) i7-9750H CPU @ 2.60GHz,,,-122.3235,47.1037,63.73372268676758,machine,N,1.0
2025-11-02T16:20:40,codecarbon,c30f786b-bfd5-4b2e-b8ea-2d9afb3deb8f,5b0fa12a-3dd7-45bb-9766-cc326314d9f1,0.1194912999635562,8.155144309193433e-07,6.82488541984285e-06,270.0,0.0,20.0,8.959702498395928e-06,0.0,6.627716664095514e-07,9.62247416480548e-06,United States,USA,washington,,,Windows-11-10.0.26200-SP0,3.12.2,3.0.7,12,Intel(R) Core(TM) i7-9750H CPU @ 2.60GHz,,,-122.3235,47.1037,63.73372268676758,machine,N,1.0
2025-11-02T16:26:03,codecarbon,d69cee7a-0bae-4435-b60f-0957ab5226a8,5b0fa12a-3dd7-45bb-9766-cc326314d9f1,0.0008130999631248,5.293524640435882e-09,6.5102999391270745e-06,270.0,0.0,20.0,5.892749904887751e-08,0.0,3.5322222781057157e-09,6.245972132698322e-08,United States,USA,washington,,,Windows-11-10.0.26200-SP0,3.12.2,3.0.7,12,Intel(R) Core(TM) i7-9750H CPU @ 2.60GHz,,,-122.3235,47.1037,63.73372268676758,machine,N,1.0
2025-11-02T16:26:58,codecarbon,15a394c7-e23c-4d60-9dc2-4cac6af0e075,5b0fa12a-3dd7-45bb-9766-cc326314d9f1,0.0008313999860547,5.432775528359821e-09,6.534490761949651e-06,270.0,0.0,20.0,6.046500202501193e-08,0.0,3.6377779906615614e-09,6.41027800156735e-08,United States,USA,washington,,,Windows-11-10.0.26200-SP0,3.12.2,3.0.7,12,Intel(R) Core(TM) i7-9750H CPU @ 2.60GHz,,,-122.3235,47.1037,63.73372268676758,machine,N,1.0
2025-11-02T16:27:51,codecarbon,3f004224-7f21-45b6-a725-ce78f36e058f,5b0fa12a-3dd7-45bb-9766-cc326314d9f1,0.2559584000264294,1.747034612308389e-06,6.825463091377332e-06,270.0,0.0,20.0,1.919360249885358e-05,0.0,1.4201288890843798e-06,2.061373138793796e-05,United States,USA,washington,,,Windows-11-10.0.26200-SP0,3.12.2,3.0.7,12,Intel(R) Core(TM) i7-9750H CPU @ 2.60GHz,,,-122.3235,47.1037,63.73372268676758,machine,N,1.0
2025-11-02T16:28:06,codecarbon,41991a11-96ed-4f62-9ab3-2e558eefdbbf,5b0fa12a-3dd7-45bb-9766-cc326314d9f1,0.000897099962458,5.855329621318094e-09,6.526953367910916e-06,270.0,0.0,20.0,6.516749854199589e-08,0.0,3.921110894427531e-09,6.908860943642343e-08,United States,USA,washington,,,Windows-11-10.0.26200-SP0,3.12.2,3.0.7,12,Intel(R) Core(TM) i7-9750H CPU @ 2.60GHz,,,-122.3235,47.1037,63.73372268676758,machine,N,1.0
2025-11-02T16:28:19,codecarbon,bce5e290-159b-49c6-8551-a99ef12dca47,5b0fa12a-3dd7-45bb-9766-cc326314d9f1,0.1787953000166453,1.2203710550695113e-06,6.825520888725252e-06,270.0,0.0,20.0,1.3407352501235436e-05,0.0,9.921338887781733e-07,1.439948639001361e-05,United States,USA,washington,,,Windows-11-10.0.26200-SP0,3.12.2,3.0.7,12,Intel(R) Core(TM) i7-9750H CPU @ 2.60GHz,,,-122.3235,47.1037,63.73372268676758,machine,N,1.0
2025-11-02T16:33:59,codecarbon,8109a192-280b-4525-907e-b89f3c5aea4b,5b0fa12a-3dd7-45bb-9766-cc326314d9f1,0.0016034000436775,1.0374395177535238e-08,6.470247533323407e-06,270.0,0.0,20.0,1.1547750182216988e-07,0.0,6.932777857097487e-09,1.2241027967926738e-07,United States,USA,washington,,,Windows-11-10.0.26200-SP0,3.12.2,3.0.7,12,Intel(R) Core(TM) i7-9750H CPU @ 2.60GHz,,,-122.3235,47.1037,63.73372268676758,machine,N,1.0
2025-11-02T16:34:13,codecarbon,dd1097f2-441c-429a-a446-44f3223c52ac,5b0fa12a-3dd7-45bb-9766-cc326314d9f1,0.0008149000350385,5.298633652036981e-09,6.502188519093705e-06,270.0,0.0,20.0,5.899500392843038e-08,0.0,3.5250000008899307e-09,6.252000392932031e-08,United States,USA,washington,,,Windows-11-10.0.26200-SP0,3.12.2,3.0.7,12,Intel(R) Core(TM) i7-9750H CPU @ 2.60GHz,,,-122.3235,47.1037,63.73372268676758,machine,N,1.0
2025-11-02T16:34:26,codecarbon,41690f0d-664c-45b0-b685-a6c18e5c624d,5b0fa12a-3dd7-45bb-9766-cc326314d9f1,0.142603299987968,9.7330099459562e-07,6.82523472232228e-06,270.0,0.0,20.0,1.0693117500341031e-05,0.0,7.911227779307713e-07,1.1484240278271804e-05,United States,USA,washington,,,Windows-11-10.0.26200-SP0,3.12.2,3.0.7,12,Intel(R) Core(TM) i7-9750H CPU @ 2.60GHz,,,-122.3235,47.1037,63.73372268676758,machine,N,1.0
2025-11-02T16:36:28,codecarbon,93eb04c0-4f6c-4222-baea-3dfb8b425d08,5b0fa12a-3dd7-45bb-9766-cc326314d9f1,0.0017043999978341,1.125500506949344e-08,6.603499814477735e-06,270.0,0.0,20.0,1.2489749933592977e-07,0.0,7.903333365296324e-09,1.328008327012261e-07,United States,USA,washington,,,Windows-11-10.0.26200-SP0,3.12.2,3.0.7,12,Intel(R) Core(TM) i7-9750H CPU @ 2.60GHz,,,-122.3235,47.1037,63.73372268676758,machine,N,1.0
2025-11-02T16:36:36,codecarbon,9a7447ce-fb73-4b6d-bdce-51abb8de335d,5b0fa12a-3dd7-45bb-9766-cc326314d9f1,0.2244913999456912,1.5321901592773064e-06,6.825161942274726e-06,270.0,0.0,20.0,1.6833269999187907e-05,0.0,1.2454538887444263e-06,1.8078723887932333e-05,United States,USA,washington,,,Windows-11-10.0.26200-SP0,3.12.2,3.0.7,12,Intel(R) Core(TM) i7-9750H CPU @ 2.60GHz,,,-122.3235,47.1037,63.73372268676758,machine,N,1.0
2025-11-02T16:37:34,codecarbon,13a8daa5-2d89-4bc6-b8b9-e5a448ff2f64,5b0fa12a-3dd7-45bb-9766-cc326314d9f1,0.0019321999861858,1.2750530830684676e-08,6.5989705630077934e-06,270.0,0.0,20.0,1.4148749905871229e-07,0.0,8.95944443376114e-09,1.5044694349247345e-07,United States,USA,washington,,,Windows-11-10.0.26200-SP0,3.12.2,3.0.7,12,Intel(R) Core(TM) i7-9750H CPU @ 2.60GHz,,,-122.3235,47.1037,63.73372268676758,machine,N,1.0
2025-11-02T16:37:42,codecarbon,11582928-8221-417f-ac4d-c36f582cd78c,5b0fa12a-3dd7-45bb-9766-cc326314d9f1,0.0826782999793067,5.639263646686512e-07,6.82073004415662e-06,270.0,0.0,20.0,6.196874998568092e-06,0.0,4.570438888751799e-07,6.653918887443272e-06,United States,USA,washington,,,Windows-11-10.0.26200-SP0,3.12.2,3.0.7,12,Intel(R) Core(TM) i7-9750H CPU @ 2.60GHz,,,-122.3235,47.1037,63.73372268676758,machine,N,1.0
2025-11-02T16:40:35,codecarbon,bf52c5b1-d5ba-4bd8-a145-0abb383b751a,5b0fa12a-3dd7-45bb-9766-cc326314d9f1,0.0010049999691545,5.107943325687634e-09,5.082530828318756e-06,270.0,0.0,20.0,5.7014997582882646e-08,0.0,3.254999885232084e-09,6.026999746811473e-08,United States,USA,washington,,,Windows-11-10.0.26200-SP0,3.12.2,3.0.7,12,Intel(R) Core(TM) i7-9750H CPU @ 2.60GHz,,,-122.3235,47.1037,63.73372268676758,machine,N,1.0
2025-11-02T16:40:49,codecarbon,8d615983-ae8e-4dda-a340-71fecf92ffc5,5b0fa12a-3dd7-45bb-9766-cc326314d9f1,0.0955091000068932,6.517563348738e-07,6.824023415850009e-06,270.0,0.0,20.0,7.160940000903793e-06,0.0,5.293083335143617e-07,7.690248334418155e-06,United States,USA,washington,,,Windows-11-10.0.26200-SP0,3.12.2,3.0.7,12,Intel(R) Core(TM) i7-9750H CPU @ 2.60GHz,,,-122.3235,47.1037,63.73372268676758,machine,N,1.0
2025-11-02T16:45:39,codecarbon,d71c23a2-94b5-40f6-a72c-b1eac1106c75,5b0fa12a-3dd7-45bb-9766-cc326314d9f1,0.0006902000168338,4.369314961756988e-09,6.330505440727704e-06,270.0,0.0,20.0,4.877250030403957e-08,0.0,2.7822223880017802e-09,5.155472269204136e-08,United States,USA,washington,,,Windows-11-10.0.26200-SP0,3.12.2,3.0.7,12,Intel(R) Core(TM) i7-9750H CPU @ 2.60GHz,,,-122.3235,47.1037,63.73372268676758,machine,N,1.0
2025-11-02T16:45:52,codecarbon,28d811ed-3a65-4094-9b5a-ae263d1dbd49,5b0fa12a-3dd7-45bb-9766-cc326314d9f1,0.1445189999649301,9.863861506194891e-07,6.825304291192521e-06,270.0,0.0,20.0,1.0836854999070058e-05,0.0,8.01780555371402e-07,1.163863555444146e-05,United States,USA,washington,,,Windows-11-10.0.26200-SP0,3.12.2,3.0.7,12,Intel(R) Core(TM) i7-9750H CPU @ 2.60GHz,,,-122.3235,47.1037,63.73372268676758,machine,N,1.0
2025-11-02T16:50:23,codecarbon,76cb99ac-dba9-41be-b35e-7e5c0af4b48c,5b0fa12a-3dd7-45bb-9766-cc326314d9f1,0.0010289999772794,6.771323344243069e-09,6.580489303941085e-06,270.0,0.0,20.0,7.558499928563835e-08,0.0,4.311666513482729e-09,7.989666579912106e-08,United States,USA,washington,,,Windows-11-10.0.26200-SP0,3.12.2,3.0.7,12,Intel(R) Core(TM) i7-9750H CPU @ 2.60GHz,,,-122.3235,47.1037,63.73372268676758,machine,N,1.0
2025-11-02T16:50:31,codecarbon,d68ad33f-d9af-4f0f-ae10-dab1ef781b3a,5b0fa12a-3dd7-45bb-9766-cc326314d9f1,0.1784238999825902,1.2177883853754024e-06,6.8252537103730415e-06,270.0,0.0,20.0,1.3379384997824672e-05,0.0,9.896277776634734e-07,1.4369012775488144e-05,United States,USA,washington,,,Windows-11-10.0.26200-SP0,3.12.2,3.0.7,12,Intel(R) Core(TM) i7-9750H CPU @ 2.60GHz,,,-122.3235,47.1037,63.73372268676758,machine,N,1.0
2025-11-02T16:58:09,codecarbon,31467015-0c7c-4c59-9e6c-e53a841544c3,5b0fa12a-3dd7-45bb-9766-cc326314d9f1,0.0006870999932289,4.436880469584185e-09,6.457401416544632e-06,270.0,0.0,20.0,4.952250164933504e-08,0.0,2.829444646421406e-09,5.2351946295756443e-08,United States,USA,washington,,,Windows-11-10.0.26200-SP0,3.12.2,3.0.7,12,Intel(R) Core(TM) i7-9750H CPU @ 2.60GHz,,,-122.3235,47.1037,63.73372268676758,machine,N,1.0
2025-11-02T16:58:22,codecarbon,24d8860f-29b2-4546-8c41-345e5bb8c6bf,5b0fa12a-3dd7-45bb-9766-cc326314d9f1,0.1307492000050842,8.923678031279119e-07,6.825034517176484e-06,270.0,0.0,20.0,9.804015001282095e-06,0.0,7.252727777490185e-07,1.0529287779031117e-05,United States,USA,washington,,,Windows-11-10.0.26200-SP0,3.12.2,3.0.7,12,Intel(R) Core(TM) i7-9750H CPU @ 2.60GHz,,,-122.3235,47.1037,63.73372268676758,machine,N,1.0
2025-11-02T17:12:50,codecarbon,e8bf7440-2df8-4f37-822b-ee93cac6dcf0,5b0fa12a-3dd7-45bb-9766-cc326314d9f1,0.0007244999869726,4.6788681456991615e-09,6.458065189552205e-06,270.0,0.0,20.0,5.23950016940944e-08,0.0,2.812222293060687e-09,5.520722398715509e-08,United States,USA,washington,,,Windows-11-10.0.26200-SP0,3.12.2,3.0.7,12,Intel(R) Core(TM) i7-9750H CPU @ 2.60GHz,,,-122.3235,47.1037,63.73372268676758,machine,N,1.0
2025-11-02T17:13:04,codecarbon,dd807a65-617c-45a5-9d1c-9338e4287c55,5b0fa12a-3dd7-45bb-9766-cc326314d9f1,0.1559164999634958,1.0641645564811908e-06,6.825220914594283e-06,270.0,0.0,20.0,1.1691330000758172e-05,0.0,8.650338888401166e-07,1.2556363889598289e-05,United States,USA,washington,,,Windows-11-10.0.26200-SP0,3.12.2,3.0.7,12,Intel(R) Core(TM) i7-9750H CPU @ 2.60GHz,,,-122.3235,47.1037,63.73372268676758,machine,N,1.0
2025-11-02T17:14:13,codecarbon,cb0dbe42-455e-48b4-a428-8f10186bacf7,5b0fa12a-3dd7-45bb-9766-cc326314d9f1,0.0013235999504104,8.487201511789502e-09,6.412210509042227e-06,270.0,0.0,20.0,9.467999625485393e-08,0.0,5.462777658572628e-09,1.0014277391342656e-07,United States,USA,washington,,,Windows-11-10.0.26200-SP0,3.12.2,3.0.7,12,Intel(R) Core(TM) i7-9750H CPU @ 2.60GHz,,,-122.3235,47.1037,63.73372268676758,machine,N,1.0
2025-11-02T17:14:25,codecarbon,38317bb8-d2fc-43c1-a327-2de70a769164,5b0fa12a-3dd7-45bb-9766-cc326314d9f1,0.1356454000342637,9.25779289171306e-07,6.824995826894656e-06,270.0,0.0,20.0,1.0171110002556815e-05,0.0,7.524088888506716e-07,1.092351889140749e-05,United States,USA,washington,,,Windows-11-10.0.26200-SP0,3.12.2,3.0.7,12,Intel(R) Core(TM) i7-9750H CPU @ 2.60GHz,,,-122.3235,47.1037,63.73372268676758,machine,N,1.0
2025-11-02T17:15:32,codecarbon,ca0977c1-1740-4543-94d2-ac649115a9a6,5b0fa12a-3dd7-45bb-9766-cc326314d9f1,0.0009542000479996,6.297989033532166e-09,6.600281614673186e-06,270.0,0.0,20.0,6.997500022407623e-08,0.0,4.3366667038450646e-09,7.43116669279213e-08,United States,USA,washington,,,Windows-11-10.0.26200-SP0,3.12.2,3.0.7,12,Intel(R) Core(TM) i7-9750H CPU @ 2.60GHz,,,-122.3235,47.1037,63.73372268676758,machine,N,1.0
2025-11-02T17:15:40,codecarbon,6a77fa29-b1e8-416e-99ea-64daa8a69317,5b0fa12a-3dd7-45bb-9766-cc326314d9f1,0.0982812999864108,6.707417150953005e-07,6.824713502853975e-06,270.0,0.0,20.0,7.369327498599887e-06,0.0,5.449344446080633e-07,7.91426194320795e-06,United States,USA,washington,,,Windows-11-10.0.26200-SP0,3.12.2,3.0.7,12,Intel(R) Core(TM) i7-9750H CPU @ 2.60GHz,,,-122.3235,47.1037,63.73372268676758,machine,N,1.0
2025-11-02T17:16:37,codecarbon,2b512b35-355b-4b56-9460-9c8da3978951,5b0fa12a-3dd7-45bb-9766-cc326314d9f1,0.0007668000180274,4.941972890709971e-09,6.444930587538432e-06,270.0,0.0,20.0,5.5155000882223255e-08,0.0,3.156666773267918e-09,5.8311667655491166e-08,United States,USA,washington,,,Windows-11-10.0.26200-SP0,3.12.2,3.0.7,12,Intel(R) Core(TM) i7-9750H CPU @ 2.60GHz,,,-122.3235,47.1037,63.73372268676758,machine,N,1.0
2025-11-02T17:16:51,codecarbon,f75b905c-5d25-4027-943b-0e39fb2e2184,5b0fa12a-3dd7-45bb-9766-cc326314d9f1,0.1109594000154174,7.570657776803906e-07,6.822907996755557e-06,270.0,0.0,20.0,8.318220003275203e-06,0.0,6.14602777770617e-07,8.93282278104582e-06,United States,USA,washington,,,Windows-11-10.0.26200-SP0,3.12.2,3.0.7,12,Intel(R) Core(TM) i7-9750H CPU @ 2.60GHz,,,-122.3235,47.1037,63.73372268676758,machine,N,1.0
2025-11-02T23:18:26,codecarbon,7b32ea81-8c96-430e-a1f7-aefef5f51582,5b0fa12a-3dd7-45bb-9766-cc326314d9f1,0.0007139000226743,2.1375026593061198e-10,2.9941204530275653e-07,270.0,0.0,20.0,5.137500265846029e-08,0.0,2.9127779675440662e-09,5.4287780626004384e-08,Canada,CAN,quebec,,,Windows-11-10.0.26200-SP0,3.12.2,3.0.7,12,Intel(R) Core(TM) i7-9750H CPU @ 2.60GHz,,,-71.2,46.8,63.73372268676758,machine,N,1.0
2025-11-02T23:20:07,codecarbon,5ba36847-2c09-479f-b413-9f2e281cadf1,5b0fa12a-3dd7-45bb-9766-cc326314d9f1,0.1044447000022046,3.310649617760233e-08,3.1697631547511285e-07,270.0,0.0,20.0,7.829947500431446e-06,0.0,5.783611113050332e-07,8.408308611736479e-06,Canada,CAN,quebec,,,Windows-11-10.0.26200-SP0,3.12.2,3.0.7,12,Intel(R) Core(TM) i7-9750H CPU @ 2.60GHz,,,-71.2,46.8,63.73372268676758,machine,N,1.0
2025-11-02T23:20:14,codecarbon,e62cfd79-3f8a-4871-8278-b11d931c3cfb,5b0fa12a-3dd7-45bb-9766-cc326314d9f1,0.0010192999616265,3.115257159043607e-10,3.056271241364997e-07,270.0,0.0,20.0,7.450499979313464e-08,0.0,4.61555545270029e-09,7.912055524583491e-08,Canada,CAN,quebec,,,Windows-11-10.0.26200-SP0,3.12.2,3.0.7,12,Intel(R) Core(TM) i7-9750H CPU @ 2.60GHz,,,-71.2,46.8,63.73372268676758,machine,N,1.0
2025-11-02T23:21:49,codecarbon,4206f75e-145b-4d85-a982-34d721a8abf7,5b0fa12a-3dd7-45bb-9766-cc326314d9f1,0.0882197999744676,2.79656316985281e-08,3.169994911190215e-07,270.0,0.0,20.0,6.614032496872824e-06,0.0,4.886116664339271e-07,7.102644163306751e-06,Canada,CAN,quebec,,,Windows-11-10.0.26200-SP0,3.12.2,3.0.7,12,Intel(R) Core(TM) i7-9750H CPU @ 2.60GHz,,,-71.2,46.8,63.73372268676758,machine,N,1.0
2025-11-02T23:43:31,codecarbon,c981b7a7-0484-4935-b7f6-63a343c003c0,5b0fa12a-3dd7-45bb-9766-cc326314d9f1,0.0007800000021234,5.056645400386881e-09,6.4828787007962e-06,270.0,0.0,20.0,5.63924972084351e-08,0.0,3.2722222385928042e-09,5.96647194470279e-08,United States,USA,washington,,,Windows-11-10.0.26200-SP0,3.12.2,3.0.7,12,Intel(R) Core(TM) i7-9750H CPU @ 2.60GHz,,,-122.3235,47.1037,63.73372268676758,machine,N,1.0
2025-11-02T23:43:45,codecarbon,93d3a3e0-7470-402d-95d6-a05bfa686dd6,5b0fa12a-3dd7-45bb-9766-cc326314d9f1,0.464371400012169,3.169644890327017e-06,6.825667752673734e-06,270.0,0.0,20.0,3.482305499928771e-05,0.0,2.576437777800796e-06,3.739949277708851e-05,United States,USA,washington,,,Windows-11-10.0.26200-SP0,3.12.2,3.0.7,12,Intel(R) Core(TM) i7-9750H CPU @ 2.60GHz,,,-122.3235,47.1037,63.73372268676758,machine,N,1.0
2025-11-02T23:44:44,codecarbon,e1c23044-0755-4cae-ae18-bd0e8fa4ae6c,5b0fa12a-3dd7-45bb-9766-cc326314d9f1,0.0009487000061199,6.264394815333253e-09,6.603135632889932e-06,270.0,0.0,20.0,6.960750179132446e-08,0.0,4.307777918357816e-09,7.391527970968228e-08,United States,USA,washington,,,Windows-11-10.0.26200-SP0,3.12.2,3.0.7,12,Intel(R) Core(TM) i7-9750H CPU @ 2.60GHz,,,-122.3235,47.1037,63.73372268676758,machine,N,1.0
2025-11-02T23:44:52,codecarbon,8d1e3ed2-7584-404b-b16b-9026f7c9efb7,5b0fa12a-3dd7-45bb-9766-cc326314d9f1,0.4586381000117399,3.1307660223215146e-06,6.826223164280019e-06,270.0,0.0,20.0,3.43946999986656e-05,0.0,2.546050555409036e-06,3.694075055407464e-05,United States,USA,washington,,,Windows-11-10.0.26200-SP0,3.12.2,3.0.7,12,Intel(R) Core(TM) i7-9750H CPU @ 2.60GHz,,,-122.3235,47.1037,63.73372268676758,machine,N,1.0
2025-11-03T00:04:04,codecarbon,3e4affea-d025-4db2-bbc4-a20186579931,5b0fa12a-3dd7-45bb-9766-cc326314d9f1,0.0007369000231847,4.75568559991165e-09,6.453637468158357e-06,270.0,0.0,20.0,5.3092502639628974e-08,0.0,3.021111155653165e-09,5.6113613795282114e-08,United States,USA,washington,,,Windows-11-10.0.26200-SP0,3.12.2,3.0.7,12,Intel(R) Core(TM) i7-9750H CPU @ 2.60GHz,,,-122.3235,47.1037,63.73372268676758,machine,N,1.0
2025-11-03T00:04:18,codecarbon,5c136349-6418-4a33-8e9b-980cd42f68fc,5b0fa12a-3dd7-45bb-9766-cc326314d9f1,0.4807020999724045,3.2813321761857807e-06,6.8261240722146846e-06,270.0,0.0,20.0,3.604871999850729e-05,0.0,2.66860111118553e-06,3.871732110969282e-05,United States,USA,washington,,,Windows-11-10.0.26200-SP0,3.12.2,3.0.7,12,Intel(R) Core(TM) i7-9750H CPU @ 2.60GHz,,,-122.3235,47.1037,63.73372268676758,machine,N,1.0
2025-11-03T00:05:42,codecarbon,4c418f6c-6588-4968-beee-fa3f33359d35,5b0fa12a-3dd7-45bb-9766-cc326314d9f1,0.0029367000097408,1.9253170096493e-08,6.5560561285222135e-06,270.0,0.0,20.0,2.13870000152383e-07,0.0,1.3303333414821988e-08,2.2717333356720498e-07,United States,USA,washington,,,Windows-11-10.0.26200-SP0,3.12.2,3.0.7,12,Intel(R) Core(TM) i7-9750H CPU @ 2.60GHz,,,-122.3235,47.1037,63.73372268676758,machine,N,1.0
2025-11-03T00:05:50,codecarbon,8062d226-0c80-45ef-a511-0fb5ee9f5a0f,5b0fa12a-3dd7-45bb-9766-cc326314d9f1,0.4767743999836966,3.254703784591367e-06,6.826507011917297e-06,270.0,0.0,20.0,3.5755724998307414e-05,0.0,2.64740055523968e-06,3.84031255535471e-05,United States,USA,washington,,,Windows-11-10.0.26200-SP0,3.12.2,3.0.7,12,Intel(R) Core(TM) i7-9750H CPU @ 2.60GHz,,,-122.3235,47.1037,63.73372268676758,machine,N,1.0
2025-11-03T00:06:52,codecarbon,6584fdaa-9121-4667-89c5-01b69fafb2b9,5b0fa12a-3dd7-45bb-9766-cc326314d9f1,0.0009697999921627,6.402303404610384e-09,6.601674011496657e-06,270.0,0.0,20.0,7.113750034477561e-08,0.0,4.404999910750322e-09,7.554250025552594e-08,United States,USA,washington,,,Windows-11-10.0.26200-SP0,3.12.2,3.0.7,12,Intel(R) Core(TM) i7-9750H CPU @ 2.60GHz,,,-122.3235,47.1037,63.73372268676758,machine,N,1.0
2025-11-03T00:07:02,codecarbon,e841a65f-5653-4da6-a8a8-57e0d2088d62,5b0fa12a-3dd7-45bb-9766-cc326314d9f1,0.4816724000265822,3.288171136020517e-06,6.826571619713007e-06,270.0,0.0,20.0,3.61233075032942e-05,0.0,2.674708333345026e-06,3.879801583663923e-05,United States,USA,washington,,,Windows-11-10.0.26200-SP0,3.12.2,3.0.7,12,Intel(R) Core(TM) i7-9750H CPU @ 2.60GHz,,,-122.3235,47.1037,63.73372268676758,machine,N,1.0
2025-11-03T00:12:07,codecarbon,467dc558-94aa-42e3-a468-dce5c819fadd,5b0fa12a-3dd7-45bb-9766-cc326314d9f1,0.0017916999640874,1.179922416353582e-08,6.5854910978610015e-06,270.0,0.0,20.0,1.3103999808663504e-07,0.0,8.182222114151551e-09,1.392222202007866e-07,United States,USA,washington,,,Windows-11-10.0.26200-SP0,3.12.2,3.0.7,12,Intel(R) Core(TM) i7-9750H CPU @ 2.60GHz,,,-122.3235,47.1037,63.73372268676758,machine,N,1.0
2025-11-03T00:12:16,codecarbon,eedaf27f-672f-468c-bea4-09bf1c2b0373,5b0fa12a-3dd7-45bb-9766-cc326314d9f1,0.4563819000031799,3.115512652629519e-06,6.826547355641868e-06,270.0,0.0,20.0,3.422654249734478e-05,0.0,2.534229444184651e-06,3.676077194152943e-05,United States,USA,washington,,,Windows-11-10.0.26200-SP0,3.12.2,3.0.7,12,Intel(R) Core(TM) i7-9750H CPU @ 2.60GHz,,,-122.3235,47.1037,63.73372268676758,machine,N,1.0
2025-11-03T00:14:36,codecarbon,a4b60b41-ec87-4007-aadd-1f935b2eef9c,5b0fa12a-3dd7-45bb-9766-cc326314d9f1,0.0009966999641619,6.585977491877019e-09,6.607783413953056e-06,270.0,0.0,20.0,7.314749818760904e-08,0.0,4.562222036636537e-09,7.770972022424558e-08,United States,USA,washington,,,Windows-11-10.0.26200-SP0,3.12.2,3.0.7,12,Intel(R) Core(TM) i7-9750H CPU @ 2.60GHz,,,-122.3235,47.1037,63.73372268676758,machine,N,1.0
2025-11-03T00:14:44,codecarbon,f280aeb1-5a32-466f-86a8-9d38cfbe8798,5b0fa12a-3dd7-45bb-9766-cc326314d9f1,0.4503856000374071,3.07446185217679e-06,6.82628807830765e-06,270.0,0.0,20.0,3.377610750321764e-05,0.0,2.500295000047319e-06,3.627640250326496e-05,United States,USA,washington,,,Windows-11-10.0.26200-SP0,3.12.2,3.0.7,12,Intel(R) Core(TM) i7-9750H CPU @ 2.60GHz,,,-122.3235,47.1037,63.73372268676758,machine,N,1.0
2025-11-04T21:49:52,codecarbon,95eb7d27-28d6-43b2-9e0a-4406345e9e03,5b0fa12a-3dd7-45bb-9766-cc326314d9f1,0.0007601000834256,4.916501048994303e-09,6.468228534900923e-06,270.0,0.0,20.0,5.4855007329024386e-08,0.0,3.156111213482088e-09,5.801111854250647e-08,United States,USA,washington,,,Windows-11-10.0.26200-SP0,3.12.2,3.0.7,12,Intel(R) Core(TM) i7-9750H CPU @ 2.60GHz,,,-122.3235,47.1037,63.73372268676758,machine,N,1.0
2025-11-04T21:50:36,codecarbon,3efadbf0-c1ae-4dd0-8e60-63f8ce125ef0,5b0fa12a-3dd7-45bb-9766-cc326314d9f1,0.45250040001701564,3.0885360754395896e-06,6.825488055531994e-06,270.0,0.0,20.0,3.3930922494619154e-05,0.0,2.511545555252168e-06,3.644246804987132e-05,United States,USA,washington,,,Windows-11-10.0.26200-SP0,3.12.2,3.0.7,12,Intel(R) Core(TM) i7-9750H CPU @ 2.60GHz,,,-122.3235,47.1037,63.73372268676758,machine,N,1.0
